Насосы для топлива|https://ankas.ru/nasosy-dlya-topliva
Счетчики топлива|https://ankas.ru/schetchiki-topliva
Заправочные пистолеты для АЗС|https://ankas.ru/zapravochnye-pistolety-dlya-azs
Топливные фильтры|https://ankas.ru/filtry-dizelnogo-topliva-i-benzina
Фитинги для АЗС|https://ankas.ru/fitingi-dlya-azs
Катушки для топливных шлангов|https://ankas.ru/katushki-dlya-toplivnogo-shlanga
Рукава маслобензостойкие|https://ankas.ru/rukava-maslobenzostoykie
Заправочные модули|https://ankas.ru/zapravochnye-moduli
Емкости|https://ankas.ru/emkosti
Системы управления|https://ankas.ru/sistemy-upravleniya
Насосы для AdBlue, мочевины|https://ankas.ru/nasosy-dlya-adblue-mocheviny
Счетчики AdBlue, мочевины|https://ankas.ru/schetchiki-adblue-mocheviny
Фитинги для Adblue|https://ankas.ru/fitingi-i-zapchasti-dlya-adblue
Пистолеты для AdBlue, мочевины |https://ankas.ru/pistolety-dlya-adblue-mocheviny
Комплекты для раздачи мочевины AdBlue|https://ankas.ru/komplekty-dlya-razdachi-mocheviny-adblue
Рукава для мочевины и AdBlue|https://ankas.ru/rukava-dlya-mocheviny-adblue
Катушки для AdBlue, мочевины|https://ankas.ru/katushki-dlya-adblue-mocheviny
Фильтры AdBlue|https://ankas.ru/filtry-adblue
Картриджи и аксессуары к фильтрам|https://ankas.ru/kartridzhi-i-aksessuary-k-filtram
Запчасти для счетчиков жидкости|https://ankas.ru/zapchasti-dlya-schetchikov
Провода, крепления, соединения|https://ankas.ru/provoda-krepleniya-soedineniya
Лопатки для насосов|https://ankas.ru/lopatki-dlya-nasosov
Запчасти для топливных насосов|https://ankas.ru/zapchasti-dlya-toplivnyh-nasosov
Прочие запчасти для оборудования|https://ankas.ru/prochie-zapchasti-dlya-oborudovaniya
Рулетки с поверкой|https://ankas.ru/ruletki-s-poverkoy
Метроштоки МШС|https://ankas.ru/metroshtoki-mshs
Мерники для АЗС|https://ankas.ru/merniki-dlya-azs
Пробоотборники|https://ankas.ru/probootborniki
Паста, герметик|https://ankas.ru/pasta-germetik
Ареометры|https://ankas.ru/areometry
Искробезопасные скребки и совки|https://ankas.ru/iskrobezopasnye-sovki-i-skrebki
Заборные ведра|https://ankas.ru/zabornye-vedra
Мини АЗС|https://ankas.ru/mini-azs
Заправочные модули|https://ankas.ru/zapravochnye-moduli
Топливные фильтры|https://ankas.ru/filtry-dizelnogo-topliva-i-benzina
Заправочные пистолеты для АЗС|https://ankas.ru/zapravochnye-pistolety-dlya-azs
Катушки для топливных шлангов|https://ankas.ru/katushki-dlya-toplivnogo-shlanga
Рукава маслобензостойкие|https://ankas.ru/rukava-maslobenzostoykie
Насосы для AdBlue, мочевины|https://ankas.ru/nasosy-dlya-adblue-mocheviny
Счетчики AdBlue, мочевины|https://ankas.ru/schetchiki-adblue-mocheviny
Фитинги для Adblue|https://ankas.ru/fitingi-i-zapchasti-dlya-adblue
Пистолеты для AdBlue, мочевины |https://ankas.ru/pistolety-dlya-adblue-mocheviny
Комплекты для раздачи мочевины AdBlue|https://ankas.ru/komplekty-dlya-razdachi-mocheviny-adblue
Рукава для мочевины и AdBlue|https://ankas.ru/rukava-dlya-mocheviny-adblue
Катушки для AdBlue, мочевины|https://ankas.ru/katushki-dlya-adblue-mocheviny
Фильтры AdBlue|https://ankas.ru/filtry-adblue
Искрогасители автомобильные|https://ankas.ru/iskrogasiteli-avtomobilnye
Рулетки с поверкой|https://ankas.ru/ruletki-s-poverkoy
Метроштоки МШС|https://ankas.ru/metroshtoki-mshs
Мерники для АЗС|https://ankas.ru/merniki-dlya-azs
Пробоотборники|https://ankas.ru/probootborniki
Паста, герметик|https://ankas.ru/pasta-germetik
Ареометры|https://ankas.ru/areometry
Искробезопасные скребки и совки|https://ankas.ru/iskrobezopasnye-sovki-i-skrebki
Заборные ведра|https://ankas.ru/zabornye-vedra
Расходомеры жидкости|https://ankas.ru/rashodomery
Горелки для котлов отопления|https://ankas.ru/gorelki
Насосы для горелок|https://ankas.ru/nasosy-dlya-gorelok
Топочные автоматы|https://ankas.ru/topochnye-avtomaty
Трансформаторы поджига|https://ankas.ru/transformatory-podzhiga
Реле давления|https://ankas.ru/rele-davleniya
Электроды поджига и ионизации|https://ankas.ru/elektrody-podzhiga-i-ionizacii
Форсунки|https://ankas.ru/forsunki
Датчики пламени|https://ankas.ru/datchiki-plameni
Кабели поджига и ионизации|https://ankas.ru/kabeli-podzhiga-i-ionizacii
Сервоприводы|https://ankas.ru/servoprivody-i-zaslonki
Заслонки для горелок|https://ankas.ru/zaslonki-dlya-gorelok
Электрокомпоненты|https://ankas.ru/elektrokomponenty
Электродвигатели|https://ankas.ru/elektrodvigateli
Фильтры для горелок|https://ankas.ru/filtry-dly-gorelok
Вентиляторы и направляющие|https://ankas.ru/ventilyatory-i-napravlyayushhie
Газовые рампы|https://ankas.ru/gazovye-rampy-dlya-gorelok
Газовые электромагнитные клапаны|https://ankas.ru/gazovye-klapany
Жидкотопливные электромагнитные клапаны|https://ankas.ru/zhidkotoplivnye-klapany
Газовые мультиблоки|https://ankas.ru/gazovye-multibloki
Принадлежности для горелок|https://ankas.ru/prinadlezhnosti-dlya-gorelok
Блоки контроля герметичности|https://ankas.ru/bloki-kontrolya-germetichnosti
Компоненты жидкотопливной трубы|https://ankas.ru/komponenty-zhidkotoplivnoy-truby
Уравнительные диски|https://ankas.ru/uravnitelnye-diski
Регуляторы давления газа|https://ankas.ru/regulyatory-davleniya
Жаровые трубы|https://ankas.ru/zharovye-truby
Компоненты газовой трубы|https://ankas.ru/komponenty-gazovoy-truby
Головы сгорания|https://ankas.ru/golovy-sgoraniya
Запчасти топочных автоматов|https://ankas.ru/zapchasti-topochnyh-avtomatov
Запчасти насосов для горелок|https://ankas.ru/zapchasti-nasosov-dlya-gorelok
Запчасти электродвигателей для горелок|https://ankas.ru/zapchasti-elektrodvigateley-dlya-gorelok
Запчасти трансформаторов розжига|https://ankas.ru/zapchasti-transformatorov-podzhiga-dlya-gorelok
Запчасти сервоприводов и заслонок для горелок|https://ankas.ru/zapasnye-chasti-servoprivodov-i-zaslonok-dlya-gorelok
Запчасти электродов для горелок|https://ankas.ru/zapasnye-chasti-jelektrodov-podzhiga-i-ionizacii-dlya-gorelok
Запчасти датчиков пламени для горелок|https://ankas.ru/zapasnye-chasti-datchikov-plameni-dlya-gorelok
Запчасти проводов розжига и ионизации|https://ankas.ru/zapasnye-chasti-kabeley-podzhiga-i-ionizacii-dlya-gorelok
Запчасти газовых клапанов для горелок|https://ankas.ru/zapchasti-gazovyh-klapanov-dlya-gorelok
Запчасти жидкотопливных клапанов для горелок|https://ankas.ru/zapchasti-zhidkotoplivnyh-klapanov-dlya-gorelok
Запчасти жаровых труб для горелок|https://ankas.ru/zapchasti-zharovyh-trub-dlya-gorelok
Запчасти реле давления для горелок|https://ankas.ru/zapasnye-chasti-rele-davleniya-dlya-gorelok
Запчасти фильтров для горелок|https://ankas.ru/zapasnye-chasti-filtrov-dlya-gorelok
Запчасти регуляторов давления|https://ankas.ru/zapasnye-chasti-regulyatorov-davleniya
Насосы для горюче-смазочных материалов|https://ankas.ru/nasosy-dlya-goryuche-smazochnyh-materialov
Мини АЗС|https://ankas.ru/mini-azs
Насосы для топлива|https://ankas.ru/nasosy-dlya-topliva
Счетчики топлива|https://ankas.ru/schetchiki-topliva
Заправочные пистолеты для АЗС|https://ankas.ru/zapravochnye-pistolety-dlya-azs
Топливные фильтры|https://ankas.ru/filtry-dizelnogo-topliva-i-benzina
Фитинги для АЗС|https://ankas.ru/fitingi-dlya-azs
Катушки для топливных шлангов|https://ankas.ru/katushki-dlya-toplivnogo-shlanga
Рукава маслобензостойкие|https://ankas.ru/rukava-maslobenzostoykie
Заправочные модули|https://ankas.ru/zapravochnye-moduli
Емкости|https://ankas.ru/emkosti
Системы управления|https://ankas.ru/sistemy-upravleniya
Насосы для AdBlue, мочевины|https://ankas.ru/nasosy-dlya-adblue-mocheviny
Счетчики AdBlue, мочевины|https://ankas.ru/schetchiki-adblue-mocheviny
Фитинги для Adblue|https://ankas.ru/fitingi-i-zapchasti-dlya-adblue
Пистолеты для AdBlue, мочевины |https://ankas.ru/pistolety-dlya-adblue-mocheviny
Комплекты для раздачи мочевины AdBlue|https://ankas.ru/komplekty-dlya-razdachi-mocheviny-adblue
Рукава для мочевины и AdBlue|https://ankas.ru/rukava-dlya-mocheviny-adblue
Катушки для AdBlue, мочевины|https://ankas.ru/katushki-dlya-adblue-mocheviny
Фильтры AdBlue|https://ankas.ru/filtry-adblue
Картриджи и аксессуары к фильтрам|https://ankas.ru/kartridzhi-i-aksessuary-k-filtram
Запчасти для счетчиков жидкости|https://ankas.ru/zapchasti-dlya-schetchikov
Провода, крепления, соединения|https://ankas.ru/provoda-krepleniya-soedineniya
Лопатки для насосов|https://ankas.ru/lopatki-dlya-nasosov
Запчасти для топливных насосов|https://ankas.ru/zapchasti-dlya-toplivnyh-nasosov
Прочие запчасти для оборудования|https://ankas.ru/prochie-zapchasti-dlya-oborudovaniya
Рулетки с поверкой|https://ankas.ru/ruletki-s-poverkoy
Метроштоки МШС|https://ankas.ru/metroshtoki-mshs
Мерники для АЗС|https://ankas.ru/merniki-dlya-azs
Пробоотборники|https://ankas.ru/probootborniki
Паста, герметик|https://ankas.ru/pasta-germetik
Ареометры|https://ankas.ru/areometry
Искробезопасные скребки и совки|https://ankas.ru/iskrobezopasnye-sovki-i-skrebki
Заборные ведра|https://ankas.ru/zabornye-vedra
Насосы для смазочных материалов|https://ankas.ru/nasosy-dlya-smazochnyh-materialov
Счетчики для масла|https://ankas.ru/schetchiki-dlya-masla
Фильтры и картриджи для масла|https://ankas.ru/filtry-dlya-masla
Счетчики для смазки|https://ankas.ru/schetchiki-dlya-smazki
Раздаточные пистолеты|https://ankas.ru/razdatochnye-pistolety
Солидолонагнетатели|https://ankas.ru/solidolonagnetateli
Технические шприцы|https://ankas.ru/shpricy
Катушки|https://ankas.ru/katushki
Комплекты с насосом для масла и смазки|https://ankas.ru/komplekty-s-nasosom-dlya-masla-i-smazki
Маслораздатчики|https://ankas.ru/maslorazdatchiki
Маслосборники|https://ankas.ru/maslosborniki
Пресс-масленки (тавотницы)|https://ankas.ru/press-maslenki
Подставки под бочки|https://ankas.ru/podstavki-pod-bochki
Тележки для транспортировки бочек|https://ankas.ru/telezhki-dlya-transportirovki-bochek
Кронштейны и крепления|https://ankas.ru/kronshteyny-i-krepleniya
Держатели и ручки|https://ankas.ru/derzhateli-i-ruchki
Крышки и следящие пластины для бочек |https://ankas.ru/kryshki-i-sledyashhie-plastiny-dlya-bochek
Комплекты для подключения|https://ankas.ru/komplekty-dlya-podklyucheniya
Шланги для насосов|https://ankas.ru/shlangi-dlya-nasosov
Всасывающие трубы для насосов|https://ankas.ru/truby-dlya-nasosov
Выпускные шланги и наконечники|https://ankas.ru/vypusknye-shlangi-i-nakonechniki
Компоненты для пневматических линий|https://ankas.ru/komponenty-dlya-pnevmaticheskih-liniy
Аксессуары для маслосборников|https://ankas.ru/aksessuary-dlya-maslosbornikov
Фитинги для маслосменного оборудования|https://ankas.ru/fitingi-dlya-maslosmennogo-oborudovaniya
Краны и клапаны|https://ankas.ru/krany-i-klapany
Запчасти для масляных насосов|https://ankas.ru/zapchasti-dlya-maslyanyh-nasosov
Воронки для топлива и масла|https://ankas.ru/voronki-dlya-masla
Мерные емкости|https://ankas.ru/mernye-emkosti
Канистры для масла|https://ankas.ru/kanistry-dlya-masla
Масленки|https://ankas.ru/maslenki
Поддоны для сбора масла|https://ankas.ru/poddony-dlya-sbora-masla
Установки для откачки отработанного масла|https://ankas.ru/ustanovki-dlya-otkachki-otrabotannogo-masla
Зарядные и пускозарядные устройства|https://ankas.ru/zaryadnye-i-puskozaryadnye-ustroystva
Катушки|https://ankas.ru/katushki
Насосы для смазочных материалов|https://ankas.ru/nasosy-dlya-smazochnyh-materialov
Счетчики для масла|https://ankas.ru/schetchiki-dlya-masla
Фильтры и картриджи для масла|https://ankas.ru/filtry-dlya-masla
Счетчики для смазки|https://ankas.ru/schetchiki-dlya-smazki
Раздаточные пистолеты|https://ankas.ru/razdatochnye-pistolety
Масленки|https://ankas.ru/maslenki
Поддоны для сбора масла|https://ankas.ru/poddony-dlya-sbora-masla
Установки для откачки отработанного масла|https://ankas.ru/ustanovki-dlya-otkachki-otrabotannogo-masla
Фитинги для шиномонтажа|https://ankas.ru/fitingi-dlya-shinomontazha
Системы подготовки воздуха|https://ankas.ru/sistemy-podgotovki-vozduha
Пресс-масленки (тавотницы)|https://ankas.ru/press-maslenki
Подставки под бочки|https://ankas.ru/podstavki-pod-bochki
Тележки для транспортировки бочек|https://ankas.ru/telezhki-dlya-transportirovki-bochek
Кронштейны и крепления|https://ankas.ru/kronshteyny-i-krepleniya
Держатели и ручки|https://ankas.ru/derzhateli-i-ruchki
Крышки и следящие пластины для бочек |https://ankas.ru/kryshki-i-sledyashhie-plastiny-dlya-bochek
Комплекты для подключения|https://ankas.ru/komplekty-dlya-podklyucheniya
Шланги для насосов|https://ankas.ru/shlangi-dlya-nasosov
Всасывающие трубы для насосов|https://ankas.ru/truby-dlya-nasosov
Выпускные шланги и наконечники|https://ankas.ru/vypusknye-shlangi-i-nakonechniki
Компоненты для пневматических линий|https://ankas.ru/komponenty-dlya-pnevmaticheskih-liniy
Аксессуары для маслосборников|https://ankas.ru/aksessuary-dlya-maslosbornikov
Фитинги для маслосменного оборудования|https://ankas.ru/fitingi-dlya-maslosmennogo-oborudovaniya
Краны и клапаны|https://ankas.ru/krany-i-klapany
Запчасти для масляных насосов|https://ankas.ru/zapchasti-dlya-maslyanyh-nasosov
Топливные фильтры|https://ankas.ru/filtry-dizelnogo-topliva-i-benzina
Фильтры AdBlue|https://ankas.ru/filtry-adblue
Картриджи и аксессуары к фильтрам|https://ankas.ru/kartridzhi-i-aksessuary-k-filtram
Автомобильные фильтры-сепараторы|https://ankas.ru/avtomobilnye-filtry-separatory
Картриджи|https://ankas.ru/kartridzhi-dlya-avtomobilnyh-filtrov-separatorov
Датчики для фильтров-сепараторов|https://ankas.ru/datchiki-dlya-filtrov-separatorov
Колбы и крышки|https://ankas.ru/kolby-i-kryshki
Резиновые уплотнители|https://ankas.ru/rezinovye-uplotniteli
Фитинги для фильтров-сепараторов|https://ankas.ru/fitingi-dlya-filtrov-separatorov
Сепараторы для судового машиностроения|https://ankas.ru/separatory-dlya-sudovogo-mashinostroeniya
Катушки|https://ankas.ru/katushki
Рукава маслобензостойкие|https://ankas.ru/rukava-maslobenzostoykie
Рукава для воды и технических жидкостей|https://ankas.ru/rukava-dlya-tehnicheskih-zhidkostey
Рукава для абразивных материалов|https://ankas.ru/rukava-dlya-abrazivnyh-materialov
Рукава высокого давления|https://ankas.ru/rukava-vysokogo-davleniya
Рукава высокотемпературные|https://ankas.ru/rukava-vysokotemperaturnye
Рукава для кислотно-щелочных растворов|https://ankas.ru/rukava-dlya-kislotno-shhelochnyh-rastvorov
Рукава для воздуха и газа|https://ankas.ru/rukava-dlya-vozduha-i-gaza
Рукава для пищепродуктов|https://ankas.ru/rukava-dlya-pishheproduktov
Зарядные и пускозарядные устройства|https://ankas.ru/zaryadnye-i-puskozaryadnye-ustroystva
